{"cameraMode":{"drawMode":0,"name":"Shaded","section":"Shading Mode"},"sceneLighting":false,"audioPlay":false,"sceneViewState":{"m_AlwaysRefresh":false,"showFog":true,"showSkybox":false,"showFlares":true,"showImageEffects":true,"showParticleSystems":true,"showVisualEffectGraphs":true,"m_FxEnabled":true},"in2DMode":false,"pivot":{"x":31.932802200317384,"y":28.09976577758789,"z":20.798416137695314},"rotation":{"x":-0.15391361713409425,"y":0.6318407654762268,"z":-0.12993071973323823,"w":-0.7484798431396484},"size":25.226940155029298,"orthographic":false}