{"cameraMode":{"drawMode":0,"name":"Shaded","section":"Shading Mode"},"sceneLighting":false,"audioPlay":false,"sceneViewState":{"m_AlwaysRefresh":false,"showFog":true,"showSkybox":false,"showFlares":true,"showImageEffects":true,"showParticleSystems":true,"showVisualEffectGraphs":true,"m_FxEnabled":true},"in2DMode":false,"pivot":{"x":-0.00012826919555664063,"y":1.1752835512161255,"z":0.03487956523895264},"rotation":{"x":-0.2739468216896057,"y":0.04527469351887703,"z":-0.012911572121083737,"w":-0.9605947136878967},"size":2.525678873062134,"orthographic":false}