{"cameraMode":{"drawMode":0,"name":"Shaded","section":"Shading Mode"},"sceneLighting":false,"audioPlay":false,"sceneViewState":{"m_AlwaysRefresh":false,"showFog":true,"showSkybox":false,"showFlares":true,"showImageEffects":true,"showParticleSystems":true,"showVisualEffectGraphs":true,"m_FxEnabled":true},"in2DMode":false,"pivot":{"x":-0.000026702880859375,"y":0.9375036358833313,"z":-0.004844844341278076},"rotation":{"x":-0.2691635489463806,"y":0.3219265341758728,"z":-0.0960005596280098,"w":-0.9026127457618713},"size":2.3297719955444338,"orthographic":false}