{"cameraMode":{"drawMode":0,"name":"Shaded","section":"Shading Mode"},"sceneLighting":false,"audioPlay":false,"sceneViewState":{"m_AlwaysRefresh":false,"showFog":true,"showSkybox":false,"showFlares":true,"showImageEffects":true,"showParticleSystems":true,"showVisualEffectGraphs":true,"m_FxEnabled":true},"in2DMode":false,"pivot":{"x":-0.07999992370605469,"y":-0.45792269706726076,"z":0.0001423954963684082},"rotation":{"x":-0.11244189739227295,"y":0.6760861277580261,"z":-0.1055089682340622,"w":-0.7205149531364441},"size":4.4013166427612309,"orthographic":false}