{"cameraMode":{"drawMode":0,"name":"Shaded","section":"Shading Mode"},"sceneLighting":false,"audioPlay":false,"sceneViewState":{"m_AlwaysRefresh":false,"showFog":true,"showSkybox":false,"showFlares":true,"showImageEffects":true,"showParticleSystems":true,"showVisualEffectGraphs":true,"m_FxEnabled":true},"in2DMode":false,"pivot":{"x":0.0029569268226623537,"y":1.728234052658081,"z":-0.12047317624092102},"rotation":{"x":-0.058320000767707828,"y":0.3868902921676636,"z":-0.02452637441456318,"w":-0.9199586510658264},"size":0.4866986870765686,"orthographic":false}